material_id,descricao,criticidade_engenharia,lead_time_dias,custo_unitario,consumo_mensal,estoque_atual
SB-BOM-0001,Bomba centrífuga aço inox 3”,4,14,60.06,29,45
SB-SEN-0002,Sensor de nível ultrassônico,1,13,94.64,28,48
MP-H2SO4-0003,Ácido sulfúrico (H₂SO₄),4,31,150.38,89,57
SB-VAL-0004,Válvula esfera 2” PVDF,3,12,55.44,46,88
MP-URE-0005,Ureia (46% N),3,28,269.78,118,77
MP-DAP-0006,Fosfato diamônico (DAP),3,43,247.71,62,18
MP-URE-0007,Ureia (46% N),2,43,234.3,116,78
MP-MAP-0008,Fosfato monoamônico (MAP),4,13,258.29,139,105
SB-AGI-0009,Agitador tanque 5 m³,2,8,46.05,36,64
IP-CAT-0010,Catalisador linha amônia,1,17,61.81,62,53
IP-ADP-0011,Aditivo anti-empedrante granulação,2,45,194.65,23,20
IP-FLX-0012,Fluxo para granulação,4,28,171.44,59,44
IP-FLX-0013,Fluxo para granulação,4,5,281.22,78,91
SB-VAL-0014,Válvula esfera 2” PVDF,3,5,39.11,20,30
SB-SEN-0015,Sensor de nível ultrassônico,2,14,140.77,46,64
SB-COR-0016,Correia transportadora 800 mm,3,13,146.93,37,60
SB-AGI-0017,Agitador tanque 5 m³,4,14,136.97,39,74
MP-H2SO4-0018,Ácido sulfúrico (H₂SO₄),5,27,217.76,103,70
SB-BOM-0019,Bomba centrífuga aço inox 3”,5,7,63.02,35,56
SB-VAL-0020,Válvula esfera 2” PVDF,3,30,119.21,30,44
MP-NH3-0021,Amônia anidra (NH₃),2,28,212.59,67,12
SB-SEN-0022,Sensor de nível ultrassônico,2,10,102.82,1,1
IP-ADP-0023,Aditivo anti-empedrante granulação,3,13,172.89,72,79
SB-VAL-0024,Válvula esfera 2” PVDF,1,14,87.46,23,32
MP-MAP-0025,Fosfato monoamônico (MAP),2,42,242.23,106,50
SB-SEN-0026,Sensor de nível ultrassônico,1,9,76.25,9,13
SB-MOT-0027,Motor 30 kW IP55,5,7,110.73,22,26
MP-DAP-0028,Fosfato diamônico (DAP),3,32,100,140,95
MP-AMN-0029,Nitrato de amônio,4,33,272.22,158,78
SB-BOM-0030,Bomba centrífuga aço inox 3”,4,9,49.25,31,46
MP-DAP-0031,Fosfato diamônico (DAP),3,26,224.37,108,69
SB-MOT-0032,Motor 30 kW IP55,4,27,58.75,19,34
SB-AGI-0033,Agitador tanque 5 m³,3,14,67.26,13,26
SB-AGI-0034,Agitador tanque 5 m³,3,14,101.82,1,1
MP-KCL-0035,Cloreto de potássio (KCl),2,41,241.65,70,30
MP-KCL-0036,Cloreto de potássio (KCl),3,35,314.03,89,40
SB-MOT-0037,Motor 30 kW IP55,4,18,150.88,26,44
MP-MAP-0038,Fosfato monoamônico (MAP),3,60,149.26,175,107
MP-KCL-0039,Cloreto de potássio (KCl),4,37,273.49,195,84
IP-CAT-0040,Catalisador linha amônia,4,13,173.7,36,55
SB-AGI-0041,Agitador tanque 5 m³,2,17,59.21,6,6
MP-URE-0042,Ureia (46% N),3,34,179.36,114,83
SB-COR-0043,Correia transportadora 800 mm,1,14,136.14,49,62
IP-ADP-0044,Aditivo anti-empedrante granulação,2,33,162.32,107,150
IP-FLX-0045,Fluxo para granulação,2,20,140.91,96,86
MP-MAP-0046,Fosfato monoamônico (MAP),5,29,200.36,143,103
SB-COR-0047,Correia transportadora 800 mm,3,22,99.34,15,18
SB-COR-0048,Correia transportadora 800 mm,4,5,120.9,44,82
SB-COR-0049,Correia transportadora 800 mm,4,18,126.99,39,74
IP-CAT-0050,Catalisador linha amônia,4,23,237.49,99,124
MP-NH3-0051,Amônia anidra (NH₃),2,44,188.17,154,36
SB-ROL-0052,Rolamento 6205-2RS,3,7,160.48,36,52
IP-ADP-0053,Aditivo anti-empedrante granulação,5,29,140.78,75,73
MP-URE-0054,Ureia (46% N),5,25,183.24,129,50
MP-KCL-0055,Cloreto de potássio (KCl),4,36,239.62,75,52
SB-AGI-0056,Agitador tanque 5 m³,5,14,63.59,1,1
SB-AGI-0057,Agitador tanque 5 m³,3,22,37.92,20,33
IP-ADP-0058,Aditivo anti-empedrante granulação,4,18,139.06,47,39
MP-KCL-0059,Cloreto de potássio (KCl),3,30,303.73,152,91
SB-AGI-0060,Agitador tanque 5 m³,4,11,128.82,16,20
SB-AGI-0061,Agitador tanque 5 m³,3,16,104.74,3,4
SB-COR-0062,Correia transportadora 800 mm,1,15,124.33,27,37
SB-SEN-0063,Sensor de nível ultrassônico,2,16,77.4,6,9
SB-ROL-0064,Rolamento 6205-2RS,4,11,103.33,12,13
SB-COR-0065,Correia transportadora 800 mm,1,10,101.28,42,60
MP-NH3-0066,Amônia anidra (NH₃),3,39,245.87,71,46
IP-FLX-0067,Fluxo para granulação,3,12,98.18,12,11
SB-AGI-0068,Agitador tanque 5 m³,2,20,56.56,25,27
SB-ROL-0069,Rolamento 6205-2RS,2,10,67.09,35,55
IP-ANT-0070,Antiespumante para reator,1,29,177.7,46,32
IP-FLX-0071,Fluxo para granulação,3,19,167.18,12,14
SB-COR-0072,Correia transportadora 800 mm,2,22,54.3,1,1
IP-FLX-0073,Fluxo para granulação,3,9,130.63,76,45
MP-DAP-0074,Fosfato diamônico (DAP),2,45,231.49,102,42
IP-CAT-0075,Catalisador linha amônia,3,37,142.53,87,74
MP-DAP-0076,Fosfato diamônico (DAP),2,43,278.66,157,103
IP-FLX-0077,Fluxo para granulação,3,20,270.95,18,21
SB-BOM-0078,Bomba centrífuga aço inox 3”,3,22,89.98,9,10
SB-VAL-0079,Válvula esfera 2” PVDF,4,15,97.71,29,45
SB-VAL-0080,Válvula esfera 2” PVDF,5,8,96.71,11,18
SB-COR-0081,Correia transportadora 800 mm,2,23,10,27,41
SB-ROL-0082,Rolamento 6205-2RS,3,4,128.32,45,73
MP-NH3-0083,Amônia anidra (NH₃),3,29,320.76,144,38
MP-KCL-0084,Cloreto de potássio (KCl),4,24,249.3,83,49
SB-BOM-0085,Bomba centrífuga aço inox 3”,2,8,105.39,37,50
MP-KCL-0086,Cloreto de potássio (KCl),3,44,208.04,137,50
IP-ADP-0087,Aditivo anti-empedrante granulação,3,21,183.72,78,72
SB-SEN-0088,Sensor de nível ultrassônico,2,8,65.05,53,83
MP-NH3-0089,Amônia anidra (NH₃),3,34,276.62,52,19
SB-VAL-0090,Válvula esfera 2” PVDF,4,25,122.7,1,1
SB-ROL-0091,Rolamento 6205-2RS,2,13,92.39,20,33
SB-MOT-0092,Motor 30 kW IP55,2,5,98.23,2,3
SB-MOT-0093,Motor 30 kW IP55,4,12,117.15,22,29
SB-AGI-0094,Agitador tanque 5 m³,5,17,115.65,1,1
SB-MOT-0095,Motor 30 kW IP55,2,30,80.76,20,33
SB-VAL-0096,Válvula esfera 2” PVDF,2,11,196.98,3,4
SB-ROL-0097,Rolamento 6205-2RS,3,16,93.78,21,36
SB-MOT-0098,Motor 30 kW IP55,1,23,73.5,31,40
SB-BOM-0099,Bomba centrífuga aço inox 3”,2,23,149.55,31,45
SB-ROL-0100,Rolamento 6205-2RS,3,3,46.18,27,46
IP-FLX-0101,Fluxo para granulação,5,20,215.48,28,22
MP-AMN-0102,Nitrato de amônio,2,34,248.68,123,104
IP-FLX-0103,Fluxo para granulação,3,23,185.07,49,34
SB-MOT-0104,Motor 30 kW IP55,3,17,35.55,6,6
SB-AGI-0105,Agitador tanque 5 m³,4,18,115.31,28,43
SB-COR-0106,Correia transportadora 800 mm,4,9,76.09,41,70
SB-SEN-0107,Sensor de nível ultrassônico,4,6,79.33,1,1
SB-BOM-0108,Bomba centrífuga aço inox 3”,5,32,145.51,35,44
SB-AGI-0109,Agitador tanque 5 m³,3,19,42.77,25,34
IP-ADP-0110,Aditivo anti-empedrante granulação,1,30,210.29,40,33
IP-ADP-0111,Aditivo anti-empedrante granulação,3,22,171.2,73,85
SB-ROL-0112,Rolamento 6205-2RS,2,18,43.42,12,18
SB-ROL-0113,Rolamento 6205-2RS,3,24,33.96,55,82
MP-KCL-0114,Cloreto de potássio (KCl),2,21,309.81,72,25
SB-MOT-0115,Motor 30 kW IP55,3,3,113.47,54,101
MP-AMN-0116,Nitrato de amônio,4,34,230.78,96,65
MP-URE-0117,Ureia (46% N),4,30,187.6,150,79
IP-FLX-0118,Fluxo para granulação,5,32,145.37,36,33
SB-VAL-0119,Válvula esfera 2” PVDF,5,19,65.74,28,36
SB-COR-0120,Correia transportadora 800 mm,3,27,91.04,35,44
SB-ROL-0121,Rolamento 6205-2RS,3,7,81.17,7,9
IP-CAT-0122,Catalisador linha amônia,3,32,145.55,23,29
IP-FLX-0123,Fluxo para granulação,4,19,62.26,32,38
SB-ROL-0124,Rolamento 6205-2RS,1,19,85.44,38,55
SB-BOM-0125,Bomba centrífuga aço inox 3”,3,6,82.82,22,28
MP-DAP-0126,Fosfato diamônico (DAP),1,36,166.14,91,41
IP-FLX-0127,Fluxo para granulação,3,38,130.05,81,68
SB-VAL-0128,Válvula esfera 2” PVDF,3,2,23.86,49,73
MP-H2SO4-0129,Ácido sulfúrico (H₂SO₄),1,33,189.12,136,101
IP-ANT-0130,Antiespumante para reator,3,22,196.68,78,93
SB-VAL-0131,Válvula esfera 2” PVDF,3,19,138.89,8,13
SB-VAL-0132,Válvula esfera 2” PVDF,4,9,97.4,24,36
SB-AGI-0133,Agitador tanque 5 m³,2,11,85.48,66,85
SB-AGI-0134,Agitador tanque 5 m³,3,14,167.28,29,48
MP-KCL-0135,Cloreto de potássio (KCl),4,28,265.42,117,65
IP-ANT-0136,Antiespumante para reator,3,11,119.38,59,55
IP-ADP-0137,Aditivo anti-empedrante granulação,2,26,114.31,65,56
MP-NH3-0138,Amônia anidra (NH₃),5,31,119.0,149,53
SB-MOT-0139,Motor 30 kW IP55,5,15,79.88,19,30
IP-FLX-0140,Fluxo para granulação,3,27,173.77,5,4
SB-COR-0141,Correia transportadora 800 mm,2,24,166.15,61,80
SB-COR-0142,Correia transportadora 800 mm,4,30,157.98,49,93
SB-ROL-0143,Rolamento 6205-2RS,1,29,75.24,7,12
SB-ROL-0144,Rolamento 6205-2RS,3,5,138.89,23,38
IP-CAT-0145,Catalisador linha amônia,3,11,162.39,80,75
SB-AGI-0146,Agitador tanque 5 m³,2,22,11.61,20,33
SB-MOT-0147,Motor 30 kW IP55,3,18,89.49,26,45
IP-FLX-0148,Fluxo para granulação,4,11,108.0,87,70
SB-MOT-0149,Motor 30 kW IP55,4,22,97.86,1,1
MP-H2SO4-0150,Ácido sulfúrico (H₂SO₄),2,17,331.62,111,60
SB-COR-0151,Correia transportadora 800 mm,5,16,74.33,30,53
MP-MAP-0152,Fosfato monoamônico (MAP),4,35,256.29,106,60
MP-AMN-0153,Nitrato de amônio,3,38,172.96,130,32
MP-AMN-0154,Nitrato de amônio,4,49,213.17,125,63
MP-MAP-0155,Fosfato monoamônico (MAP),1,37,170.02,108,76
SB-SEN-0156,Sensor de nível ultrassônico,3,17,99.49,11,17
IP-CAT-0157,Catalisador linha amônia,3,27,144.99,70,42
IP-ANT-0158,Antiespumante para reator,3,35,171.29,28,32
SB-BOM-0159,Bomba centrífuga aço inox 3”,3,20,69.14,29,45
SB-AGI-0160,Agitador tanque 5 m³,3,3,205.16,8,11
MP-H2SO4-0161,Ácido sulfúrico (H₂SO₄),4,48,287.23,156,66
IP-CAT-0162,Catalisador linha amônia,2,8,198.31,27,32
IP-ADP-0163,Aditivo anti-empedrante granulação,4,20,170.44,68,65
MP-URE-0164,Ureia (46% N),5,34,152.44,129,84
SB-AGI-0165,Agitador tanque 5 m³,4,20,115.96,12,14
SB-MOT-0166,Motor 30 kW IP55,3,8,68.03,15,21
MP-URE-0167,Ureia (46% N),2,25,292.15,144,101
IP-ANT-0168,Antiespumante para reator,2,13,103.68,57,54
SB-MOT-0169,Motor 30 kW IP55,1,11,110.38,38,65
SB-BOM-0170,Bomba centrífuga aço inox 3”,2,23,116.81,13,21
IP-ADP-0171,Aditivo anti-empedrante granulação,2,27,86.17,67,69
SB-AGI-0172,Agitador tanque 5 m³,3,22,111.23,6,9
MP-KCL-0173,Cloreto de potássio (KCl),3,44,268.66,107,95
SB-BOM-0174,Bomba centrífuga aço inox 3”,5,19,203.45,34,52
SB-COR-0175,Correia transportadora 800 mm,2,14,125.65,49,74
IP-CAT-0176,Catalisador linha amônia,4,6,149.84,63,58
MP-URE-0177,Ureia (46% N),3,30,227.05,103,81
SB-MOT-0178,Motor 30 kW IP55,3,16,95.44,12,21
SB-MOT-0179,Motor 30 kW IP55,3,28,130.58,25,44
IP-ADP-0180,Aditivo anti-empedrante granulação,3,24,114.62,61,56
SB-VAL-0181,Válvula esfera 2” PVDF,4,21,69.33,21,23
MP-AMN-0182,Nitrato de amônio,1,34,263.18,158,138
SB-AGI-0183,Agitador tanque 5 m³,5,1,92.48,26,33
SB-AGI-0184,Agitador tanque 5 m³,3,22,87.01,37,54
IP-ADP-0185,Aditivo anti-empedrante granulação,3,28,85.92,54,57
MP-MAP-0186,Fosfato monoamônico (MAP),3,37,195.63,171,51
SB-ROL-0187,Rolamento 6205-2RS,5,1,41.96,24,34
SB-VAL-0188,Válvula esfera 2” PVDF,1,11,130.94,28,43
SB-MOT-0189,Motor 30 kW IP55,4,18,88.15,22,32
SB-SEN-0190,Sensor de nível ultrassônico,3,10,86.65,16,25
IP-ANT-0191,Antiespumante para reator,4,28,80.0,70,72
MP-H2SO4-0192,Ácido sulfúrico (H₂SO₄),1,53,100,101,53
SB-MOT-0193,Motor 30 kW IP55,4,10,144.31,20,28
MP-KCL-0194,Cloreto de potássio (KCl),4,19,306.74,143,46
SB-AGI-0195,Agitador tanque 5 m³,1,18,80.74,16,20
IP-CAT-0196,Catalisador linha amônia,2,15,221.47,101,188
MP-NH3-0197,Amônia anidra (NH₃),1,51,291.33,162,39
IP-CAT-0198,Catalisador linha amônia,3,20,133.4,76,97
SB-AGI-0199,Agitador tanque 5 m³,3,7,105.7,20,27
MP-H2SO4-0200,Ácido sulfúrico (H₂SO₄),4,36,170.04,127,141
SB-VAL-0201,Válvula esfera 2” PVDF,2,1,161.6,41,60
IP-FLX-0202,Fluxo para granulação,2,43,130.62,64,57
SB-COR-0203,Correia transportadora 800 mm,2,2,157.55,20,25
MP-AMN-0204,Nitrato de amônio,5,31,370.43,145,111
MP-DAP-0205,Fosfato diamônico (DAP),3,55,112.82,85,59
IP-ANT-0206,Antiespumante para reator,3,23,158.46,103,86
SB-VAL-0207,Válvula esfera 2” PVDF,4,32,111.29,1,1
IP-ANT-0208,Antiespumante para reator,5,26,144.54,63,70
SB-ROL-0209,Rolamento 6205-2RS,3,20,111.21,23,35
SB-ROL-0210,Rolamento 6205-2RS,3,29,119.28,6,9
SB-AGI-0211,Agitador tanque 5 m³,3,20,123.24,16,22
SB-BOM-0212,Bomba centrífuga aço inox 3”,4,7,84.44,43,61
SB-BOM-0213,Bomba centrífuga aço inox 3”,2,8,118.64,1,1
MP-NH3-0214,Amônia anidra (NH₃),3,43,241.42,109,56
SB-VAL-0215,Válvula esfera 2” PVDF,4,24,103.82,28,38
IP-FLX-0216,Fluxo para granulação,3,12,82.74,99,112
MP-URE-0217,Ureia (46% N),3,41,100,106,80
SB-ROL-0218,Rolamento 6205-2RS,4,14,156.91,30,50
SB-MOT-0219,Motor 30 kW IP55,3,12,160.93,11,17
SB-MOT-0220,Motor 30 kW IP55,3,24,82.3,1,1
SB-AGI-0221,Agitador tanque 5 m³,2,7,109.39,34,50
MP-MAP-0222,Fosfato monoamônico (MAP),4,29,169.25,86,40
IP-ANT-0223,Antiespumante para reator,3,21,50,39,33
SB-BOM-0224,Bomba centrífuga aço inox 3”,4,25,115.88,7,12
SB-VAL-0225,Válvula esfera 2” PVDF,2,21,40.98,17,26
SB-MOT-0226,Motor 30 kW IP55,5,7,124.76,7,9
IP-ANT-0227,Antiespumante para reator,2,14,122.5,30,35
MP-H2SO4-0228,Ácido sulfúrico (H₂SO₄),4,40,297.81,137,75
SB-VAL-0229,Válvula esfera 2” PVDF,2,21,89.25,40,55
SB-ROL-0230,Rolamento 6205-2RS,5,20,145.91,52,77
SB-AGI-0231,Agitador tanque 5 m³,4,13,102.0,1,1
SB-AGI-0232,Agitador tanque 5 m³,2,5,35.9,17,25
MP-NH3-0233,Amônia anidra (NH₃),5,23,222.49,79,39
MP-URE-0234,Ureia (46% N),3,46,248.32,110,41
IP-ANT-0235,Antiespumante para reator,3,31,180.94,85,93
MP-NH3-0236,Amônia anidra (NH₃),3,38,121.77,163,175
SB-BOM-0237,Bomba centrífuga aço inox 3”,5,19,47.85,22,35
MP-KCL-0238,Cloreto de potássio (KCl),3,53,136.97,119,105
MP-MAP-0239,Fosfato monoamônico (MAP),3,31,199.58,86,33
MP-KCL-0240,Cloreto de potássio (KCl),4,31,126.19,148,56
MP-URE-0241,Ureia (46% N),3,54,181.82,117,86
SB-BOM-0242,Bomba centrífuga aço inox 3”,3,3,90.69,15,29
SB-AGI-0243,Agitador tanque 5 m³,3,7,114.47,21,29
IP-ADP-0244,Aditivo anti-empedrante granulação,4,18,123.11,51,34
SB-VAL-0245,Válvula esfera 2” PVDF,2,15,41.99,33,52
IP-CAT-0246,Catalisador linha amônia,2,31,173.66,34,40
SB-VAL-0247,Válvula esfera 2” PVDF,2,22,10,23,31
SB-ROL-0248,Rolamento 6205-2RS,3,8,90.27,60,94
SB-VAL-0249,Válvula esfera 2” PVDF,4,12,83.68,21,37
SB-MOT-0250,Motor 30 kW IP55,4,1,72.28,1,1
SB-MOT-0251,Motor 30 kW IP55,2,17,93.64,11,15
IP-FLX-0252,Fluxo para granulação,2,25,109.66,97,94
SB-ROL-0253,Rolamento 6205-2RS,2,1,174.14,11,15
SB-ROL-0254,Rolamento 6205-2RS,3,12,89.99,33,54
IP-CAT-0255,Catalisador linha amônia,4,18,210.8,99,150
MP-MAP-0256,Fosfato monoamônico (MAP),3,20,216.16,68,41
MP-MAP-0257,Fosfato monoamônico (MAP),4,19,100,58,24
SB-BOM-0258,Bomba centrífuga aço inox 3”,3,9,72.03,2,2
MP-URE-0259,Ureia (46% N),4,28,198.55,81,32
MP-H2SO4-0260,Ácido sulfúrico (H₂SO₄),3,35,311.16,112,53
IP-FLX-0261,Fluxo para granulação,4,21,102.16,68,37
SB-BOM-0262,Bomba centrífuga aço inox 3”,3,12,43.48,1,1
IP-CAT-0263,Catalisador linha amônia,4,13,165.47,24,21
SB-COR-0264,Correia transportadora 800 mm,3,11,38.55,29,47
MP-MAP-0265,Fosfato monoamônico (MAP),3,37,111.6,103,39
SB-COR-0266,Correia transportadora 800 mm,5,13,57.57,8,11
IP-ADP-0267,Aditivo anti-empedrante granulação,4,42,124.58,54,62
IP-FLX-0268,Fluxo para granulação,2,15,81.12,70,95
SB-MOT-0269,Motor 30 kW IP55,4,22,132.01,15,21
SB-AGI-0270,Agitador tanque 5 m³,4,15,108.27,16,27
MP-KCL-0271,Cloreto de potássio (KCl),3,41,214.32,72,18
SB-COR-0272,Correia transportadora 800 mm,1,21,82.09,5,5
SB-SEN-0273,Sensor de nível ultrassônico,3,13,12.24,57,91
SB-BOM-0274,Bomba centrífuga aço inox 3”,5,23,89.29,1,1
SB-BOM-0275,Bomba centrífuga aço inox 3”,2,25,93.02,58,107
SB-SEN-0276,Sensor de nível ultrassônico,2,1,77.23,36,60
SB-MOT-0277,Motor 30 kW IP55,4,19,127.8,24,39
SB-SEN-0278,Sensor de nível ultrassônico,3,12,66.69,8,10
IP-ADP-0279,Aditivo anti-empedrante granulação,2,37,188.56,65,71
MP-MAP-0280,Fosfato monoamônico (MAP),3,25,270.88,116,90
SB-MOT-0281,Motor 30 kW IP55,2,8,39.46,31,47
IP-ADP-0282,Aditivo anti-empedrante granulação,2,19,83.62,82,76
SB-ROL-0283,Rolamento 6205-2RS,3,22,144.48,12,16
IP-CAT-0284,Catalisador linha amônia,3,26,74.69,23,18
SB-MOT-0285,Motor 30 kW IP55,3,24,114.3,42,67
SB-VAL-0286,Válvula esfera 2” PVDF,4,23,157.48,3,4
IP-FLX-0287,Fluxo para granulação,1,28,98.74,32,31
IP-ADP-0288,Aditivo anti-empedrante granulação,3,23,100.5,76,53
MP-MAP-0289,Fosfato monoamônico (MAP),5,30,136.83,198,149
IP-ADP-0290,Aditivo anti-empedrante granulação,3,10,196.38,66,29
IP-FLX-0291,Fluxo para granulação,5,5,185.46,52,54
SB-VAL-0292,Válvula esfera 2” PVDF,3,10,59.61,33,56
SB-VAL-0293,Válvula esfera 2” PVDF,4,21,32.12,41,60
IP-FLX-0294,Fluxo para granulação,5,28,116.23,48,54
SB-BOM-0295,Bomba centrífuga aço inox 3”,5,26,101.82,1,1
MP-URE-0296,Ureia (46% N),1,37,230.84,69,28
SB-ROL-0297,Rolamento 6205-2RS,2,5,108.65,25,28
SB-VAL-0298,Válvula esfera 2” PVDF,4,20,30.59,16,27
IP-ADP-0299,Aditivo anti-empedrante granulação,2,45,50,34,33
SB-SEN-0300,Sensor de nível ultrassônico,3,27,29.57,13,17
SB-AGI-0301,Agitador tanque 5 m³,2,8,28.18,18,30
IP-FLX-0302,Fluxo para granulação,3,25,185.67,68,62
MP-DAP-0303,Fosfato diamônico (DAP),2,50,202.04,139,98
SB-ROL-0304,Rolamento 6205-2RS,2,17,75.56,23,31
SB-SEN-0305,Sensor de nível ultrassônico,4,18,93.82,31,38
MP-AMN-0306,Nitrato de amônio,5,42,173.94,126,74
SB-BOM-0307,Bomba centrífuga aço inox 3”,4,14,22.99,44,59
IP-CAT-0308,Catalisador linha amônia,3,8,122.22,37,43
MP-KCL-0309,Cloreto de potássio (KCl),4,44,167.34,140,41
IP-CAT-0310,Catalisador linha amônia,2,17,187.52,43,40
MP-KCL-0311,Cloreto de potássio (KCl),3,24,185.28,140,104
SB-ROL-0312,Rolamento 6205-2RS,3,1,60.0,11,19
SB-AGI-0313,Agitador tanque 5 m³,4,10,91.43,27,37
IP-ANT-0314,Antiespumante para reator,1,6,135.68,101,117
MP-AMN-0315,Nitrato de amônio,3,39,177.56,118,67
IP-FLX-0316,Fluxo para granulação,1,24,142.5,34,32
SB-SEN-0317,Sensor de nível ultrassônico,4,16,88.95,33,40
SB-BOM-0318,Bomba centrífuga aço inox 3”,2,23,65.98,26,46
IP-FLX-0319,Fluxo para granulação,4,47,210.27,41,42
MP-NH3-0320,Amônia anidra (NH₃),1,45,136.73,162,54
IP-FLX-0321,Fluxo para granulação,3,26,152.38,73,88
SB-SEN-0322,Sensor de nível ultrassônico,2,36,74.67,51,62
SB-AGI-0323,Agitador tanque 5 m³,5,21,60.5,30,45
SB-SEN-0324,Sensor de nível ultrassônico,2,12,68.93,26,38
MP-NH3-0325,Amônia anidra (NH₃),2,32,151.37,141,92
SB-ROL-0326,Rolamento 6205-2RS,4,10,45.26,6,10
SB-BOM-0327,Bomba centrífuga aço inox 3”,4,1,89.46,40,62
IP-FLX-0328,Fluxo para granulação,3,33,141.38,30,22
MP-KCL-0329,Cloreto de potássio (KCl),1,46,193.1,94,31
SB-COR-0330,Correia transportadora 800 mm,4,15,105.63,23,38
MP-DAP-0331,Fosfato diamônico (DAP),3,32,250.35,154,93
MP-AMN-0332,Nitrato de amônio,1,45,258.76,75,38
MP-KCL-0333,Cloreto de potássio (KCl),2,48,272.17,102,79
IP-ANT-0334,Antiespumante para reator,3,22,86.77,78,77
SB-VAL-0335,Válvula esfera 2” PVDF,3,19,115.93,19,28
IP-FLX-0336,Fluxo para granulação,3,26,103.66,97,86
SB-ROL-0337,Rolamento 6205-2RS,3,20,111.23,37,53
SB-MOT-0338,Motor 30 kW IP55,3,7,105.57,34,42
IP-CAT-0339,Catalisador linha amônia,4,18,154.11,42,46
SB-SEN-0340,Sensor de nível ultrassônico,3,16,55.19,20,36
SB-VAL-0341,Válvula esfera 2” PVDF,5,6,62.49,17,21
IP-CAT-0342,Catalisador linha amônia,4,17,165.65,43,28
IP-FLX-0343,Fluxo para granulação,3,30,182.58,59,65
IP-FLX-0344,Fluxo para granulação,5,36,146.66,35,39
SB-SEN-0345,Sensor de nível ultrassônico,3,35,114.08,16,18
SB-BOM-0346,Bomba centrífuga aço inox 3”,1,16,31.85,11,19
SB-AGI-0347,Agitador tanque 5 m³,1,2,10,11,19
MP-AMN-0348,Nitrato de amônio,3,20,214.32,74,35
IP-CAT-0349,Catalisador linha amônia,5,23,159.22,80,90
MP-H2SO4-0350,Ácido sulfúrico (H₂SO₄),3,41,267.04,93,59
IP-FLX-0351,Fluxo para granulação,4,23,95.97,66,67
MP-MAP-0352,Fosfato monoamônico (MAP),2,24,135.64,178,194
MP-AMN-0353,Nitrato de amônio,3,28,284.45,50,34
MP-H2SO4-0354,Ácido sulfúrico (H₂SO₄),3,32,227.05,100,51
IP-CAT-0355,Catalisador linha amônia,1,29,230.33,63,58
SB-VAL-0356,Válvula esfera 2” PVDF,3,11,109.79,41,69
SB-MOT-0357,Motor 30 kW IP55,4,5,58.53,13,18
SB-COR-0358,Correia transportadora 800 mm,4,8,26.29,42,57
IP-CAT-0359,Catalisador linha amônia,3,22,179.89,49,38
MP-DAP-0360,Fosfato diamônico (DAP),5,22,257.59,32,15
MP-AMN-0361,Nitrato de amônio,1,28,222.5,102,81
IP-ANT-0362,Antiespumante para reator,3,18,153.18,36,42
IP-FLX-0363,Fluxo para granulação,1,8,198.39,49,49
SB-MOT-0364,Motor 30 kW IP55,3,20,95.82,18,33
SB-ROL-0365,Rolamento 6205-2RS,4,11,83.97,44,75
IP-ANT-0366,Antiespumante para reator,4,25,96.15,65,78
SB-VAL-0367,Válvula esfera 2” PVDF,4,5,235.85,11,17
IP-ANT-0368,Antiespumante para reator,3,26,113.7,72,54
SB-AGI-0369,Agitador tanque 5 m³,4,5,114.14,30,34
SB-SEN-0370,Sensor de nível ultrassônico,2,13,138.82,14,24
MP-NH3-0371,Amônia anidra (NH₃),4,9,206.41,128,64
IP-ANT-0372,Antiespumante para reator,2,45,145.26,95,122
SB-COR-0373,Correia transportadora 800 mm,3,15,167.04,18,28
SB-ROL-0374,Rolamento 6205-2RS,3,4,106.84,29,41
MP-MAP-0375,Fosfato monoamônico (MAP),4,21,242.75,49,19
MP-DAP-0376,Fosfato diamônico (DAP),3,22,138.9,161,50
SB-COR-0377,Correia transportadora 800 mm,3,16,120.73,31,41
SB-ROL-0378,Rolamento 6205-2RS,3,19,10,25,35
SB-BOM-0379,Bomba centrífuga aço inox 3”,5,26,145.58,24,36
MP-H2SO4-0380,Ácido sulfúrico (H₂SO₄),4,55,141.98,93,91
MP-MAP-0381,Fosfato monoamônico (MAP),3,34,287.5,139,73
IP-CAT-0382,Catalisador linha amônia,1,21,159.41,74,79
SB-SEN-0383,Sensor de nível ultrassônico,5,14,85.06,15,17
IP-CAT-0384,Catalisador linha amônia,1,17,155.04,98,116
IP-ADP-0385,Aditivo anti-empedrante granulação,5,36,215.39,60,53
MP-KCL-0386,Cloreto de potássio (KCl),2,19,182.78,139,105
SB-ROL-0387,Rolamento 6205-2RS,2,8,61.19,31,59
MP-H2SO4-0388,Ácido sulfúrico (H₂SO₄),2,11,339.81,111,77
MP-KCL-0389,Cloreto de potássio (KCl),1,19,153.67,99,105
SB-MOT-0390,Motor 30 kW IP55,3,18,142.53,30,50
SB-COR-0391,Correia transportadora 800 mm,3,23,76.86,38,62
SB-BOM-0392,Bomba centrífuga aço inox 3”,3,33,82.32,45,80
IP-CAT-0393,Catalisador linha amônia,1,26,50,60,57
MP-URE-0394,Ureia (46% N),4,60,140.25,93,64
SB-ROL-0395,Rolamento 6205-2RS,2,14,74.16,4,5
IP-CAT-0396,Catalisador linha amônia,4,30,145.33,44,54
SB-AGI-0397,Agitador tanque 5 m³,1,26,115.0,21,23
MP-DAP-0398,Fosfato diamônico (DAP),3,47,284.17,175,122
MP-URE-0399,Ureia (46% N),3,30,114.94,170,174
SB-AGI-0400,Agitador tanque 5 m³,4,14,128.51,24,26
